Const,Your Rating,Date Rated,Title,URL,Title Type,IMDb Rating,Runtime (mins),Year,Genres,Num Votes,Release Date,Directors
tt10048342,10,2021-12-20,The Queen's Gambit,https://www.imdb.com/title/tt10048342/,tvMiniSeries,8.5,60,2020,Drama,514918,2020-10-23,
tt1010048,8,2021-08-07,Slumdog Millionaire,https://www.imdb.com/title/tt1010048/,movie,8.0,120,2008,"Crime, Drama, Romance",866398,2008-08-30,"Loveleen Tandan, Danny Boyle"
tt1013743,8,2022-09-01,Knight and Day,https://www.imdb.com/title/tt1013743/,movie,6.3,109,2010,"Action, Adventure, Comedy",206446,2010-06-16,James Mangold
tt1022603,8,2023-01-05,(500) Days of Summer,https://www.imdb.com/title/tt1022603/,movie,7.7,95,2009,"Comedy, Drama, Romance",542088,2009-01-17,Marc Webb
tt10234724,9,2023-04-06,Moon Knight,https://www.imdb.com/title/tt10234724/,tvMiniSeries,7.3,287,2022,"Action, Adventure, Fantasy",255644,2022-03-30,
tt10320050,7,2021-07-27,Aykut Eniste,https://www.imdb.com/title/tt10320050/,movie,7.0,115,2019,"Comedy, Family",7279,2019-05-24,Onur Bilgetay
tt10366206,8,2023-04-03,John Wick: Chapter 4,https://www.imdb.com/title/tt10366206/,movie,7.8,169,2023,"Action, Crime, Thriller",286692,2023-03-13,Chad Stahelski
tt10431500,9,2021-07-27,Yedinci Kogustaki Mucize,https://www.imdb.com/title/tt10431500/,movie,8.2,132,2019,Drama,53349,2019-10-10,Mehmet Ada Öztekin
tt10515988,3,2022-10-10,Paranormal Activity: Next of Kin,https://www.imdb.com/title/tt10515988/,movie,5.3,98,2021,"Horror, Mystery, Thriller",15515,2021-10-29,William Eubank
tt1058017,7,2023-01-09,The Invention of Lying,https://www.imdb.com/title/tt1058017/,movie,6.3,100,2009,"Comedy, Fantasy, Romance",146670,2009-09-14,"Ricky Gervais, Matthew Robinson"
tt10582302,7,2022-09-23,The Lord of the Rings: The Rings of Power: Adrift,https://www.imdb.com/title/tt10582302/,tvEpisode,7.4,67,2022,"Action, Adventure, Drama, Fantasy",47871,2022-09-01,J.A. Bayona
tt1068680,10,2021-07-28,Yes Man,https://www.imdb.com/title/tt1068680/,movie,6.8,104,2008,"Comedy, Romance",376340,2008-12-09,Peyton Reed
tt0107048,8,2023-09-19,Groundhog Day,https://www.imdb.com/title/tt0107048/,movie,8.0,101,1993,"Comedy, Drama, Fantasy, Romance",664464,1993-02-02,Harold Ramis
tt0108052,10,2022-08-03,Schindler's List,https://www.imdb.com/title/tt0108052/,movie,9.0,195,1993,"Biography, Drama, History",1412121,1993-11-30,Steven Spielberg
tt1081396,9,2022-11-15,House M.D.: Alone,https://www.imdb.com/title/tt1081396/,tvEpisode,8.9,43,2007,"Drama, Mystery",3519,2007-09-25,Deran Sarafian
tt10855768,8,2023-06-03,Missing,https://www.imdb.com/title/tt10855768/,movie,7.1,111,2023,"Drama, Mystery, Thriller",50944,2023-01-20,"Nicholas D. Johnson, Will Merrick"
tt10872600,8,2022-02-15,Spider-Man: No Way Home,https://www.imdb.com/title/tt10872600/,movie,8.2,148,2021,"Action, Adventure, Fantasy, Sci-Fi",836180,2021-12-13,Jon Watts
tt10888878,8,2022-02-04,Clickbait,https://www.imdb.com/title/tt10888878/,tvMiniSeries,7.2,368,2021,"Crime, Drama, Mystery, Thriller",58128,2021-08-25,
tt0109830,9,2021-07-27,Forrest Gump,https://www.imdb.com/title/tt0109830/,movie,8.8,142,1994,"Drama, Romance",2186749,1994-06-23,Robert Zemeckis
tt10986410,7,2023-08-08,Ted Lasso,https://www.imdb.com/title/tt10986410/,tvSeries,8.8,30,2020,"Comedy, Drama, Sport",313271,2020-08-14,
tt1104387,8,2022-11-15,House M.D.: The Right Stuff,https://www.imdb.com/title/tt1104387/,tvEpisode,8.8,44,2007,"Drama, Mystery",3110,2007-10-02,Deran Sarafian
tt11126994,8,2023-02-26,Arcane: League of Legends,https://www.imdb.com/title/tt11126994/,tvSeries,9.0,41,2021,"Animation, Action, Adventure, Drama, Fantasy, Sci-Fi",245714,2021-11-06,
tt1117789,8,2022-11-15,House M.D.: Mirror Mirror,https://www.imdb.com/title/tt1117789/,tvEpisode,8.7,44,2007,"Drama, Mystery",3058,2007-10-30,David Platt
tt0112471,8,2021-07-27,Before Sunrise,https://www.imdb.com/title/tt0112471/,movie,8.1,101,1995,"Drama, Romance",328893,1995-01-19,Richard Linklater
tt0112573,9,2021-07-27,Braveheart,https://www.imdb.com/title/tt0112573/,movie,8.3,178,1995,"Biography, Drama, History, War",1070848,1995-05-18,Mel Gibson
tt1127708,9,2022-07-09,Portal,https://www.imdb.com/title/tt1127708/,videoGame,9.1,,2007,"Adventure, Comedy, Sci-Fi",13863,2007-10-10,
tt11286314,7,2021-12-24,Don't Look Up,https://www.imdb.com/title/tt11286314/,movie,7.2,138,2021,"Comedy, Drama, Sci-Fi",573603,2021-12-05,Adam McKay
tt11301642,9,2021-07-27,Bir Baskadir,https://www.imdb.com/title/tt11301642/,tvSeries,8.5,50,2020,"Drama, Thriller",28785,2020-11-12,
tt11321196,10,2022-07-09,Half-Life: Alyx,https://www.imdb.com/title/tt11321196/,videoGame,9.4,,2020,"Action, Adventure, Horror, Sci-Fi, Thriller",953,2020-03-23,
tt0113497,7,2021-07-28,Jumanji,https://www.imdb.com/title/tt0113497/,movie,7.1,104,1995,"Adventure, Comedy, Family, Fantasy",365661,1995-12-15,Joe Johnston
tt0114369,8,2021-07-27,Se7en,https://www.imdb.com/title/tt0114369/,movie,8.6,127,1995,"Crime, Drama, Mystery, Thriller",1740774,1995-09-15,David Fincher
tt1144658,8,2022-11-15,House M.D.: Games,https://www.imdb.com/title/tt1144658/,tvEpisode,8.5,45,2007,"Drama, Mystery",2804,2007-11-27,Deran Sarafian
tt0114746,8,2022-02-04,Twelve Monkeys,https://www.imdb.com/title/tt0114746/,movie,8.0,129,1995,"Mystery, Sci-Fi, Thriller",636463,1995-12-08,Terry Gilliam
tt11564570,8,2023-01-10,Glass Onion,https://www.imdb.com/title/tt11564570/,movie,7.1,139,2022,"Comedy, Crime, Drama, Mystery, Thriller",413696,2022-09-13,Rian Johnson
tt1160419,8,2021-10-28,Dune: Part One,https://www.imdb.com/title/tt1160419/,movie,8.0,155,2021,"Action, Adventure, Drama, Sci-Fi",720636,2021-09-03,Denis Villeneuve
tt11609034,7,2022-09-23,The Lord of the Rings: The Rings of Power: Adar,https://www.imdb.com/title/tt11609034/,tvEpisode,7.3,69,2022,"Action, Adventure, Drama, Fantasy",35037,2022-09-09,Wayne Yip
tt11609038,7,2022-09-23,The Lord of the Rings: The Rings of Power: The Great Wave,https://www.imdb.com/title/tt11609038/,tvEpisode,7.1,71,2022,"Action, Adventure, Drama, Fantasy",28970,2022-09-16,Wayne Yip
tt11609042,8,2023-05-15,The Lord of the Rings: The Rings of Power: Udûn,https://www.imdb.com/title/tt11609042/,tvEpisode,8.2,69,2022,"Action, Adventure, Drama, Fantasy",33663,2022-09-30,Charlotte Brändström
tt11609048,8,2023-05-23,The Lord of the Rings: The Rings of Power: Alloyed,https://www.imdb.com/title/tt11609048/,tvEpisode,7.8,72,2022,"Action, Adventure, Drama, Fantasy",26596,2022-10-14,Wayne Yip
tt11630828,10,2022-08-19,Better Call Saul: Saul Gone,https://www.imdb.com/title/tt11630828/,tvEpisode,9.8,69,2022,"Crime, Drama",54024,2022-08-15,Peter Gould
tt1168087,9,2022-11-15,House M.D.: Frozen,https://www.imdb.com/title/tt1168087/,tvEpisode,9.1,44,2008,"Drama, Mystery",3756,2008-02-03,David Straiton
tt11700260,7,2023-01-11,Competencia oficial,https://www.imdb.com/title/tt11700260/,movie,7.0,115,2021,"Comedy, Drama",13377,2021-09-04,"Gastón Duprat, Mariano Cohn"
tt1172357,8,2022-11-15,House M.D.: It's a Wonderful Lie,https://www.imdb.com/title/tt1172357/,tvEpisode,8.2,44,2008,"Drama, Mystery",2587,2008-01-29,Matt Shakman
tt1190634,8,2023-07-30,The Boys,https://www.imdb.com/title/tt1190634/,tvSeries,8.7,60,2019,"Action, Comedy, Crime, Drama, Sci-Fi",592771,2019-07-16,
tt0119217,8,2023-04-02,Good Will Hunting,https://www.imdb.com/title/tt0119217/,movie,8.3,126,1997,"Drama, Romance",1026418,1997-12-02,Gus Van Sant
tt0120382,10,2021-07-27,The Truman Show,https://www.imdb.com/title/tt0120382/,movie,8.2,103,1998,"Comedy, Drama",1151281,1998-06-01,Peter Weir
tt12058584,7,2022-08-27,Chess Story,https://www.imdb.com/title/tt12058584/,movie,6.8,110,2021,"Drama, Thriller, War",3976,2021-08-29,Philipp Stölzl
tt0120737,10,2021-12-20,The Lord of the Rings: The Fellowship of the Ring,https://www.imdb.com/title/tt0120737/,movie,8.8,178,2001,"Action, Adventure, Drama, Fantasy",1951097,2001-12-10,Peter Jackson
tt0120890,6,2021-07-28,Wild Things,https://www.imdb.com/title/tt0120890/,movie,6.6,108,1998,"Crime, Drama, Mystery, Thriller",127307,1998-03-20,John McNaughton
tt0120915,7,2022-09-11,Star Wars: Episode I - The Phantom Menace,https://www.imdb.com/title/tt0120915/,movie,6.5,136,1999,"Action, Adventure, Fantasy, Sci-Fi",837997,1999-05-16,George Lucas
tt1210166,9,2021-08-08,Moneyball,https://www.imdb.com/title/tt1210166/,movie,7.6,133,2011,"Biography, Drama, Sport",450901,2011-09-09,Bennett Miller
tt1211837,9,2021-07-27,Doctor Strange,https://www.imdb.com/title/tt1211837/,movie,7.5,115,2016,"Action, Adventure, Fantasy, Sci-Fi",782589,2016-10-13,Scott Derrickson
tt1216108,10,2022-11-15,House M.D.: House's Head,https://www.imdb.com/title/tt1216108/,tvEpisode,9.8,44,2008,"Drama, Mystery",10848,2008-05-12,Greg Yaitanes
tt1216109,10,2022-11-15,House M.D.: Wilson's Heart,https://www.imdb.com/title/tt1216109/,tvEpisode,9.7,45,2008,"Drama, Mystery",9962,2008-05-19,Katie Jacobs
tt0121765,6,2022-09-15,Star Wars: Episode II - Attack of the Clones,https://www.imdb.com/title/tt0121765/,movie,6.6,142,2002,"Action, Adventure, Fantasy, Sci-Fi",741883,2002-05-12,George Lucas
tt0121766,8,2022-09-16,Star Wars: Episode III - Revenge of the Sith,https://www.imdb.com/title/tt0121766/,movie,7.6,140,2005,"Action, Adventure, Fantasy, Sci-Fi",826331,2005-05-12,George Lucas
tt12187032,10,2022-05-04,Better Call Saul: Rock and Hard Place,https://www.imdb.com/title/tt12187032/,tvEpisode,9.7,47,2022,"Crime, Drama",31744,2022-04-25,Gordon Smith
tt12187040,10,2022-06-19,Better Call Saul: Plan and Execution,https://www.imdb.com/title/tt12187040/,tvEpisode,9.9,50,2022,"Crime, Drama",53812,2022-05-23,Thomas Schnauz
tt12187042,9,2022-08-03,Better Call Saul: Fun and Games,https://www.imdb.com/title/tt12187042/,tvEpisode,9.4,56,2022,"Crime, Drama",24808,2022-07-18,Michael Morris
tt12187044,10,2022-08-03,Better Call Saul: Point and Shoot,https://www.imdb.com/title/tt12187044/,tvEpisode,9.7,50,2022,"Crime, Drama",37566,2022-07-11,Vince Gilligan
tt12187048,8,2022-08-03,Better Call Saul: Nippy,https://www.imdb.com/title/tt12187048/,tvEpisode,8.5,52,2022,"Crime, Drama",23658,2022-07-25,Michelle MacLaren
tt12283422,9,2023-03-18,After Life: Episode #3.6,https://www.imdb.com/title/tt12283422/,tvEpisode,9.2,36,2022,"Comedy, Drama",4086,2022-01-14,Ricky Gervais
tt0126029,6,2023-03-05,Shrek,https://www.imdb.com/title/tt0126029/,movie,7.9,90,2001,"Animation, Adventure, Comedy, Family, Fantasy, Romance",713118,2001-04-22,"Vicky Jenson, Andrew Adamson"
tt1273722,9,2022-11-18,House M.D.: Locked In,https://www.imdb.com/title/tt1273722/,tvEpisode,9.1,43,2009,"Drama, Mystery",3762,2009-03-30,Daniel Attias
tt1273726,9,2022-11-18,House M.D.: House Divided,https://www.imdb.com/title/tt1273726/,tvEpisode,9.1,44,2009,"Drama, Mystery",3207,2009-04-27,Greg Yaitanes
tt1282139,9,2021-07-27,Devrim Arabalari,https://www.imdb.com/title/tt1282139/,movie,8.0,120,2008,Drama,12530,2008-10-24,Tolga Örnek
tt1285016,9,2021-07-27,The Social Network,https://www.imdb.com/title/tt1285016/,movie,7.8,120,2010,"Biography, Drama",738050,2010-09-24,David Fincher
tt1286126,8,2021-07-27,A.R.O.G,https://www.imdb.com/title/tt1286126/,movie,7.3,127,2008,"Comedy, Fantasy, Sci-Fi",44230,2008-12-04,"Cem Yilmaz, Ali Taner Baltaci"
tt1302011,9,2023-02-26,Kung Fu Panda 2,https://www.imdb.com/title/tt1302011/,movie,7.2,90,2011,"Animation, Action, Adventure, Comedy, Drama, Family, Fantasy",306160,2011-05-22,Jennifer Yuh Nelson
tt1305826,9,2021-07-27,Adventure Time,https://www.imdb.com/title/tt1305826/,tvSeries,8.6,11,2010,"Animation, Action, Adventure, Comedy, Family, Fantasy, Sci-Fi",106669,2010-04-05,
tt13106190,8,2022-05-18,What If...?: What If... Doctor Strange Lost His Heart Instead of His Hands?,https://www.imdb.com/title/tt13106190/,tvEpisode,8.8,35,2021,"Animation, Action, Adventure, Sci-Fi",19765,2021-09-01,Bryan Andrews
tt13231544,6,2023-10-01,Kuru Otlar Üstüne,https://www.imdb.com/title/tt13231544/,movie,8.1,197,2023,Drama,3118,2023-05-19,Nuri Bilge Ceylan
tt0133093,8,2021-12-20,The Matrix,https://www.imdb.com/title/tt0133093/,movie,8.7,136,1999,"Action, Sci-Fi",1997151,1999-03-24,"Lilly Wachowski, Lana Wachowski"
tt1355644,6,2021-08-07,Passengers,https://www.imdb.com/title/tt1355644/,movie,7.0,116,2016,"Drama, Romance, Sci-Fi, Thriller",431566,2016-12-14,Morten Tyldum
tt13675832,8,2022-05-15,Gibi,https://www.imdb.com/title/tt13675832/,tvSeries,9.0,30,2021,Comedy,18978,2021-01-01,
tt0137523,9,2021-07-27,Fight Club,https://www.imdb.com/title/tt0137523/,movie,8.8,139,1999,Drama,2243455,1999-09-10,David Fincher
tt1375666,10,2021-07-27,Inception,https://www.imdb.com/title/tt1375666/,movie,8.8,148,2010,"Action, Adventure, Sci-Fi, Thriller",2476952,2010-07-08,Christopher Nolan
tt1392214,9,2023-09-18,Prisoners,https://www.imdb.com/title/tt1392214/,movie,8.1,153,2013,"Crime, Drama, Mystery, Thriller",774728,2013-08-30,Denis Villeneuve
tt1399759,9,2022-11-18,House M.D.: Under My Skin,https://www.imdb.com/title/tt1399759/,tvEpisode,9.2,43,2009,"Drama, Mystery",3421,2009-05-04,David Straiton
tt1413129,10,2022-11-18,House M.D.: Both Sides Now,https://www.imdb.com/title/tt1413129/,tvEpisode,9.6,43,2009,"Drama, Mystery",5632,2009-05-11,Greg Yaitanes
tt1431045,8,2021-07-27,Deadpool,https://www.imdb.com/title/tt1431045/,movie,8.0,108,2016,"Action, Comedy",1091457,2016-01-21,Tim Miller
tt1439629,10,2021-07-27,Community,https://www.imdb.com/title/tt1439629/,tvSeries,8.5,22,2009,Comedy,283988,2009-09-16,
tt0144084,7,2023-01-19,American Psycho,https://www.imdb.com/title/tt0144084/,movie,7.6,102,2000,"Crime, Drama, Horror",680777,2000-01-21,Mary Harron
tt14500082,6,2023-04-11,How I Met Your Father,https://www.imdb.com/title/tt14500082/,tvSeries,5.7,24,2022,"Comedy, Drama",24804,2022-01-18,
tt1454468,8,2021-07-27,Gravity,https://www.imdb.com/title/tt1454468/,movie,7.7,91,2013,"Drama, Sci-Fi, Thriller",849581,2013-08-28,Alfonso Cuarón
tt0145487,8,2021-12-20,Spider-Man,https://www.imdb.com/title/tt0145487/,movie,7.4,121,2002,"Action, Adventure, Sci-Fi",856152,2002-04-30,Sam Raimi
tt1462220,10,2022-11-18,House M.D.: Broken,https://www.imdb.com/title/tt1462220/,tvEpisode,9.7,89,2009,"Drama, Mystery",9308,2009-09-20,Katie Jacobs
tt1475582,10,2021-07-27,Sherlock,https://www.imdb.com/title/tt1475582/,tvSeries,9.1,88,2010,"Crime, Drama, Mystery, Thriller",970026,2010-07-22,
tt1503397,8,2022-11-28,House M.D.: 5 to 9,https://www.imdb.com/title/tt1503397/,tvEpisode,8.5,43,2010,"Drama, Mystery",3185,2010-02-08,Andrew Bernstein
tt1503406,10,2022-11-28,House M.D.: Help Me,https://www.imdb.com/title/tt1503406/,tvEpisode,9.5,43,2010,"Drama, Mystery",5146,2010-05-17,Greg Yaitanes
tt1503408,8,2022-11-28,House M.D.: The Tyrant,https://www.imdb.com/title/tt1503408/,tvEpisode,8.9,43,2009,"Drama, Mystery",3146,2009-10-05,David Straiton
tt1532503,6,2022-09-24,Beginners,https://www.imdb.com/title/tt1532503/,movie,7.2,105,2010,"Comedy, Drama, Romance",94060,2010-09-11,Mike Mills
tt15398776,7,2023-09-25,Oppenheimer,https://www.imdb.com/title/tt15398776/,movie,8.5,180,2023,"Biography, Drama, History",461618,2023-07-11,Christopher Nolan
tt1564666,9,2022-11-28,House M.D.: The Down Low,https://www.imdb.com/title/tt1564666/,tvEpisode,8.8,43,2010,"Drama, Mystery",2900,2010-01-11,Nick Gomez
tt1567448,7,2021-07-27,Yahsi Bati,https://www.imdb.com/title/tt1567448/,movie,7.4,112,2009,"Adventure, Comedy, Fantasy, Western",37435,2009-12-31,Ömer Faruk Sorak
tt1594918,7,2021-08-07,Eyyvah Eyvah,https://www.imdb.com/title/tt1594918/,movie,7.0,104,2010,Comedy,21200,2010-02-25,Hakan Algül
tt1596363,7,2022-07-08,The Big Short,https://www.imdb.com/title/tt1596363/,movie,7.8,130,2015,"Biography, Comedy, Drama, History",465840,2015-11-12,Adam McKay
tt1623399,9,2022-11-28,House M.D.: Lockdown,https://www.imdb.com/title/tt1623399/,tvEpisode,8.7,43,2010,"Drama, Mystery",3034,2010-04-12,Hugh Laurie
tt1631867,9,2021-07-27,Edge of Tomorrow,https://www.imdb.com/title/tt1631867/,movie,7.9,113,2014,"Action, Adventure, Sci-Fi",715743,2014-05-28,Doug Liman
tt1632701,9,2021-07-28,Suits,https://www.imdb.com/title/tt1632701/,tvSeries,8.4,44,2011,"Comedy, Drama",454367,2011-06-23,
tt1637725,6,2023-09-28,Ted,https://www.imdb.com/title/tt1637725/,movie,6.9,106,2012,Comedy,640490,2012-06-29,Seth MacFarlane
tt1645170,6,2023-01-03,The Dictator,https://www.imdb.com/title/tt1645170/,movie,6.4,83,2012,Comedy,325116,2012-05-16,Larry Charles
tt1646971,8,2023-02-26,How to Train Your Dragon 2,https://www.imdb.com/title/tt1646971/,movie,7.8,102,2014,"Animation, Action, Adventure, Comedy, Family, Fantasy",354467,2014-05-16,Dean DeBlois
tt1648163,10,2022-07-09,Portal 2,https://www.imdb.com/title/tt1648163/,videoGame,9.4,,2011,"Adventure, Comedy, Sci-Fi",17057,2011-04-19,
tt0166924,7,2023-04-08,Mulholland Dr.,https://www.imdb.com/title/tt0166924/,movie,7.9,147,2001,"Drama, Mystery, Thriller",374024,2001-05-16,David Lynch
tt1670345,8,2021-08-07,Now You See Me,https://www.imdb.com/title/tt1670345/,movie,7.2,115,2013,"Crime, Mystery, Thriller",690375,2013-05-21,Louis Leterrier
tt0167260,10,2021-12-20,The Lord of the Rings: The Return of the King,https://www.imdb.com/title/tt0167260/,movie,9.0,201,2003,"Action, Adventure, Drama, Fantasy",1922987,2003-12-01,Peter Jackson
tt0167261,10,2021-12-20,The Lord of the Rings: The Two Towers,https://www.imdb.com/title/tt0167261/,movie,8.8,179,2002,"Action, Adventure, Drama, Fantasy",1735008,2002-12-05,Peter Jackson
tt1695360,10,2022-05-23,The Legend of Korra,https://www.imdb.com/title/tt1695360/,tvSeries,8.4,23,2012,"Animation, Action, Adventure, Comedy, Family, Fantasy, Sci-Fi",130462,2012-04-14,
tt16968450,8,2023-09-28,The Wonderful Story of Henry Sugar,https://www.imdb.com/title/tt16968450/,short,7.4,37,2023,"Short, Adventure, Comedy, Drama",32130,2023-09-01,Wes Anderson
tt1710308,10,2022-02-01,Regular Show,https://www.imdb.com/title/tt1710308/,tvSeries,8.5,23,2010,"Animation, Action, Adventure, Comedy, Family, Fantasy, Sci-Fi",53681,2010-09-06,
tt0172495,9,2021-07-27,Gladiator,https://www.imdb.com/title/tt0172495/,movie,8.5,155,2000,"Action, Adventure, Drama",1568780,2000-05-01,Ridley Scott
tt1726374,8,2022-12-04,House M.D.: Two Stories,https://www.imdb.com/title/tt1726374/,tvEpisode,8.8,44,2011,"Drama, Mystery",3156,2011-02-21,Greg Yaitanes
tt1726376,7,2022-12-04,House M.D.: Bombshells,https://www.imdb.com/title/tt1726376/,tvEpisode,8.5,44,2011,"Drama, Mystery",2869,2011-03-07,Greg Yaitanes
tt1772341,8,2021-07-27,Wreck-It Ralph,https://www.imdb.com/title/tt1772341/,movie,7.7,101,2012,"Animation, Adventure, Comedy, Family, Fantasy, Sci-Fi",446337,2012-11-01,Rich Moore
tt1825683,8,2022-02-15,Black Panther,https://www.imdb.com/title/tt1825683/,movie,7.3,134,2018,"Action, Adventure, Sci-Fi",817381,2018-01-29,Ryan Coogler
tt1831164,9,2021-07-27,Leyla ile Mecnun,https://www.imdb.com/title/tt1831164/,tvSeries,9.1,80,2011,"Adventure, Comedy, Drama, Fantasy, Mystery, Romance",95404,2011-02-09,
tt1837492,7,2021-08-07,13 Reasons Why,https://www.imdb.com/title/tt1837492/,tvSeries,7.5,60,2017,"Drama, Mystery, Thriller",308559,2017-03-31,
tt1842081,8,2022-12-05,House M.D.: Fall from Grace,https://www.imdb.com/title/tt1842081/,tvEpisode,8.3,44,2011,"Drama, Mystery",2327,2011-03-21,Tucker Gates
tt1842688,8,2022-12-04,House M.D.: Out of the Chute,https://www.imdb.com/title/tt1842688/,tvEpisode,8.8,43,2011,"Drama, Mystery",2858,2011-03-14,Sanford Bookstaver
tt1850419,5,2021-07-28,Fasle kargadan,https://www.imdb.com/title/tt1850419/,movie,6.4,88,2012,"Drama, Thriller",7158,2012-09-12,Bahman Ghobadi
tt18561380,1,2022-04-06,Müjde,https://www.imdb.com/title/tt18561380/,movie,1.2,48,2022,Drama,9782,2022-03-16,Alphan Eseli
tt1872181,9,2021-12-20,The Amazing Spider-Man 2,https://www.imdb.com/title/tt1872181/,movie,6.6,142,2014,"Action, Adventure, Sci-Fi",524139,2014-04-10,Marc Webb
tt1877830,8,2022-07-06,The Batman,https://www.imdb.com/title/tt1877830/,movie,7.8,176,2022,"Action, Crime, Drama, Mystery, Thriller",737548,2022-03-01,Matt Reeves
tt1878984,5,2023-08-23,Luz,https://www.imdb.com/title/tt1878984/,short,4.4,13,2010,"Short, Drama, Horror",19,2010-11-05,Pablo Aragüés
tt1883788,7,2022-12-07,House M.D.: Changes,https://www.imdb.com/title/tt1883788/,tvEpisode,7.8,43,2011,"Drama, Mystery",1945,2011-05-02,David Straiton
tt1900094,9,2022-12-07,House M.D.: After Hours,https://www.imdb.com/title/tt1900094/,tvEpisode,9.1,43,2011,"Drama, Mystery",3179,2011-05-16,Miguel Sapochnik
tt1902562,7,2022-12-07,House M.D.: The Fix,https://www.imdb.com/title/tt1902562/,tvEpisode,7.7,43,2011,"Drama, Mystery",1953,2011-05-09,Greg Yaitanes
tt1919895,8,2022-12-07,House M.D.: Moving On,https://www.imdb.com/title/tt1919895/,tvEpisode,8.4,44,2011,"Drama, Mystery",2814,2011-05-23,Greg Yaitanes
tt1950186,8,2023-06-05,Ford v Ferrari,https://www.imdb.com/title/tt1950186/,movie,8.1,152,2019,"Action, Biography, Drama, Sport",439985,2019-08-30,James Mangold
tt20192958,7,2022-07-16,"Love, Death & Robots: Three Robots: Exit Strategies",https://www.imdb.com/title/tt20192958/,tvEpisode,7.1,12,2022,"Animation, Short, Action, Adventure, Comedy, Drama, Fantasy, Horror, Mystery, Sci-Fi, Thriller",11246,2022-05-20,"Jennifer Yuh Nelson, Patrick Osborne, Jerome Denjean"
tt20192968,8,2022-07-16,"Love, Death & Robots: Bad Travelling",https://www.imdb.com/title/tt20192968/,tvEpisode,8.7,23,2022,"Animation, Short, Action, Adventure, Comedy, Drama, Fantasy, Horror, Mystery, Sci-Fi, Thriller",15354,2022-05-20,"Jennifer Yuh Nelson, Jerome Denjean, David Fincher, Franck Balson"
tt20193012,8,2022-06-05,"Love, Death & Robots: The Very Pulse of the Machine",https://www.imdb.com/title/tt20193012/,tvEpisode,6.8,17,2022,"Animation, Short, Action, Adventure, Comedy, Drama, Fantasy, Horror, Mystery, Sci-Fi, Thriller",10755,2022-05-20,"Emily Dean, Jennifer Yuh Nelson, Jerome Denjean"
tt20247352,7,2023-08-14,Black Mirror: Joan Is Awful,https://www.imdb.com/title/tt20247352/,tvEpisode,7.4,58,2023,"Drama, Mystery, Sci-Fi, Thriller",35184,2023-06-15,Ally Pankiw
tt2060963,10,2022-02-04,Community: Remedial Chaos Theory,https://www.imdb.com/title/tt2060963/,tvEpisode,9.8,22,2011,Comedy,13186,2011-10-13,Jeff Melman
tt0206634,7,2022-02-07,Children of Men,https://www.imdb.com/title/tt0206634/,movie,7.9,109,2006,"Action, Drama, Sci-Fi, Thriller",519058,2006-09-03,Alfonso Cuarón
tt2080374,7,2022-09-24,Steve Jobs,https://www.imdb.com/title/tt2080374/,movie,7.2,122,2015,"Biography, Drama",175705,2015-09-05,Danny Boyle
tt2084970,9,2021-07-27,The Imitation Game,https://www.imdb.com/title/tt2084970/,movie,8.0,114,2014,"Biography, Drama, Thriller, War",805252,2014-08-29,Morten Tyldum
tt2085059,8,2021-07-27,Black Mirror,https://www.imdb.com/title/tt2085059/,tvSeries,8.7,60,2011,"Drama, Mystery, Sci-Fi, Thriller",615058,2011-12-04,
tt2121965,9,2022-12-17,House M.D.: Everybody Dies,https://www.imdb.com/title/tt2121965/,tvEpisode,9.2,44,2012,"Drama, Mystery",6127,2012-05-21,David Shore
tt2142883,6,2021-08-07,Sen Kimsin?,https://www.imdb.com/title/tt2142883/,movie,5.0,101,2012,"Comedy, Crime",5410,2012-03-02,Ozan Açiktan
tt2152239,7,2022-09-01,Gravity Falls: Tourist Trapped,https://www.imdb.com/title/tt2152239/,tvEpisode,8.2,22,2012,"Animation, Adventure, Comedy, Family, Fantasy, Horror",3722,2012-06-14,John Aoshima
tt2168670,8,2022-09-01,Gravity Falls: The Legend of the Gobblewonker,https://www.imdb.com/title/tt2168670/,tvEpisode,7.8,22,2012,"Animation, Adventure, Comedy, Family, Fantasy, Horror",3352,2012-06-29,John Aoshima
tt2168676,8,2022-09-01,Gravity Falls: Headhunters,https://www.imdb.com/title/tt2168676/,tvEpisode,7.9,23,2012,"Animation, Adventure, Comedy, Family, Fantasy, Horror",3157,2012-06-29,John Aoshima
tt2229192,8,2022-09-24,Gravity Falls: Dipper vs. Manliness,https://www.imdb.com/title/tt2229192/,tvEpisode,7.8,23,2012,"Animation, Adventure, Comedy, Family, Fantasy, Horror",2966,2012-06-29,"Joe Pitt, Aaron Springer"
tt2229194,7,2022-09-01,Gravity Falls: The Hand That Rocks the Mabel,https://www.imdb.com/title/tt2229194/,tvEpisode,7.6,23,2012,"Animation, Adventure, Comedy, Family, Fantasy, Horror",3039,2012-06-29,John Aoshima
tt2229196,8,2022-09-24,Gravity Falls: The Inconveniencing,https://www.imdb.com/title/tt2229196/,tvEpisode,8.5,21,2012,"Animation, Adventure, Comedy, Family, Fantasy, Horror",3138,2012-06-29,"Joe Pitt, Aaron Springer"
tt2234222,8,2021-07-28,Orphan Black,https://www.imdb.com/title/tt2234222/,tvSeries,8.3,44,2013,"Drama, Sci-Fi, Thriller",114981,2013-03-30,
tt2250912,7,2021-07-27,Spider-Man: Homecoming,https://www.imdb.com/title/tt2250912/,movie,7.4,133,2017,"Action, Adventure, Sci-Fi",697835,2017-06-28,Jon Watts
tt2267968,9,2023-02-26,Kung Fu Panda 3,https://www.imdb.com/title/tt2267968/,movie,7.1,95,2016,"Animation, Action, Adventure, Comedy, Family, Fantasy",176205,2016-01-16,"Jennifer Yuh Nelson, Alessandro Carloni"
tt2268118,9,2022-05-18,"The Legend of Korra: Beginnings, Part 1",https://www.imdb.com/title/tt2268118/,tvEpisode,9.2,24,2013,"Animation, Action, Adventure, Comedy, Family, Fantasy, Sci-Fi",3640,2013-10-18,Colin Heck
tt2268122,10,2022-05-19,The Legend of Korra: Light in the Dark,https://www.imdb.com/title/tt2268122/,tvEpisode,8.2,24,2013,"Animation, Action, Adventure, Comedy, Family, Fantasy, Sci-Fi",2459,2013-11-22,Ian Graham
tt2268126,10,2022-05-18,"The Legend of Korra: Beginnings, Part 2",https://www.imdb.com/title/tt2268126/,tvEpisode,9.5,24,2013,"Animation, Action, Adventure, Comedy, Family, Fantasy, Sci-Fi",4153,2013-10-18,Ian Graham
tt22942362,9,2023-04-11,Gibi: Büfe,https://www.imdb.com/title/tt22942362/,tvEpisode,8.9,43,2022,Comedy,1207,2022-11-04,Onur Uzun
tt2294629,7,2021-07-27,Frozen,https://www.imdb.com/title/tt2294629/,movie,7.4,102,2013,"Animation, Adventure, Comedy, Family, Fantasy, Musical",649003,2013-11-10,"Jennifer Lee, Chris Buck"
tt2301451,10,2023-06-12,Breaking Bad: Ozymandias,https://www.imdb.com/title/tt2301451/,tvEpisode,10.0,47,2013,"Crime, Drama, Thriller",206887,2013-09-15,Rian Johnson
tt0230600,8,2021-10-08,The Others,https://www.imdb.com/title/tt0230600/,movie,7.6,101,2001,"Horror, Mystery, Thriller",383589,2001-08-02,Alejandro Amenábar
tt2316411,7,2021-12-20,Enemy,https://www.imdb.com/title/tt2316411/,movie,6.9,91,2013,"Drama, Mystery, Thriller",207336,2013-09-08,Denis Villeneuve
tt2338151,8,2021-07-27,PK,https://www.imdb.com/title/tt2338151/,movie,8.1,153,2014,"Comedy, Drama, Sci-Fi",196343,2014-12-18,Rajkumar Hirani
tt0234215,7,2021-12-20,The Matrix Reloaded,https://www.imdb.com/title/tt0234215/,movie,7.2,138,2003,"Action, Sci-Fi",617517,2003-05-07,"Lilly Wachowski, Lana Wachowski"
tt2355823,7,2021-08-07,Sag Salim,https://www.imdb.com/title/tt2355823/,movie,6.3,98,2012,Comedy,6391,2012-05-18,Ersoy Güler
tt0238380,6,2022-02-15,Equilibrium,https://www.imdb.com/title/tt0238380/,movie,7.3,107,2002,"Action, Drama, Sci-Fi, Thriller",342109,2002-12-06,Kurt Wimmer
tt2386490,8,2023-02-27,How to Train Your Dragon: The Hidden World,https://www.imdb.com/title/tt2386490/,movie,7.4,104,2019,"Animation, Action, Adventure, Comedy, Drama, Family, Fantasy",143514,2019-01-03,Dean DeBlois
tt0239023,7,2022-07-09,Half-Life,https://www.imdb.com/title/tt0239023/,videoGame,9.2,,1998,"Action, Sci-Fi, Thriller",10910,1998-11-19,Randy Pitchford
tt2431438,9,2021-08-07,Sense8,https://www.imdb.com/title/tt2431438/,tvSeries,8.2,60,2015,"Drama, Mystery, Sci-Fi, Thriller",160111,2015-06-05,
tt2467372,9,2021-07-28,Brooklyn Nine-Nine,https://www.imdb.com/title/tt2467372/,tvSeries,8.4,22,2013,"Comedy, Crime",344386,2013-09-17,
tt0251127,8,2022-10-13,How to Lose a Guy in 10 Days,https://www.imdb.com/title/tt0251127/,movie,6.5,116,2003,"Comedy, Romance",258698,2003-01-27,Donald Petrie
tt0252487,7,2021-07-27,Hababam Sinifi,https://www.imdb.com/title/tt0252487/,movie,9.2,87,1975,"Comedy, Drama",42262,1975-04-01,Ertem Egilmez
tt0252488,7,2021-07-27,Hababam Sinifi Sinifta Kaldi,https://www.imdb.com/title/tt0252488/,movie,8.9,91,1975,Comedy,24241,1975-12-31,Ertem Egilmez
tt0252489,8,2021-07-27,Hababam Sinifi Tatilde,https://www.imdb.com/title/tt0252489/,movie,8.6,97,1977,"Adventure, Comedy, Drama",18529,1977-02-28,Ertem Egilmez
tt0252490,7,2021-07-27,Hababam Sinifi Uyaniyor,https://www.imdb.com/title/tt0252490/,movie,8.7,94,1977,"Adventure, Comedy",20524,1977-01-31,Ertem Egilmez
tt0252591,7,2021-07-27,Kapicilar Krali,https://www.imdb.com/title/tt0252591/,movie,8.4,84,1976,"Comedy, Drama",13239,1976-12-31,Zeki Ökten
tt0252611,7,2021-07-27,Korkusuz Korkak,https://www.imdb.com/title/tt0252611/,movie,8.1,77,1979,"Adventure, Comedy",7155,,Natuk Baytan
tt0252619,8,2021-07-27,Köyden Indim Sehire,https://www.imdb.com/title/tt0252619/,movie,8.3,91,1974,"Adventure, Comedy, Crime",11548,1974-10-31,Ertem Egilmez
tt0253614,7,2021-07-27,Saban Oglu Saban,https://www.imdb.com/title/tt0253614/,movie,8.7,90,1977,"Comedy, Crime, Mystery",18426,1977-12-01,Ertem Egilmez
tt0253622,8,2021-07-27,Salak Milyoner,https://www.imdb.com/title/tt0253622/,movie,8.0,84,1974,Comedy,7778,1974-04-30,Ertem Egilmez
tt0253779,8,2021-07-27,Süt Kardesler,https://www.imdb.com/title/tt0253779/,movie,8.8,80,1976,"Comedy, Family, Mystery, Romance",20778,1976-03-21,Ertem Egilmez
tt0253828,8,2021-07-27,Tosun Pasa,https://www.imdb.com/title/tt0253828/,movie,8.9,90,1976,Comedy,24181,1976-02-01,Kartal Tibet
tt0253997,8,2021-07-27,Çöpçüler Krali,https://www.imdb.com/title/tt0253997/,movie,8.5,80,1977,"Comedy, Romance",21025,1977-12-31,Zeki Ökten
tt0254001,7,2021-07-27,Üç Kagitçi,https://www.imdb.com/title/tt0254001/,movie,7.7,88,1981,Comedy,6023,1981-10-31,Natuk Baytan
tt2543164,8,2021-07-27,Arrival,https://www.imdb.com/title/tt2543164/,movie,7.9,116,2016,"Drama, Mystery, Sci-Fi",740343,2016-09-01,Denis Villeneuve
tt2562232,7,2021-07-27,Birdman or (The Unexpected Virtue of Ignorance),https://www.imdb.com/title/tt2562232/,movie,7.7,119,2014,"Comedy, Drama",653845,2014-08-27,Alejandro G. Iñárritu
tt2582802,10,2022-07-06,Whiplash,https://www.imdb.com/title/tt2582802/,movie,8.5,106,2014,"Drama, Music",937385,2014-01-16,Damien Chazelle
tt2592910,9,2021-08-07,CM101MMXI Fundamentals,https://www.imdb.com/title/tt2592910/,movie,9.1,139,2013,"Documentary, Comedy",46895,2013-01-03,Murat Dündar
tt0264464,10,2022-02-04,Catch Me If You Can,https://www.imdb.com/title/tt0264464/,movie,8.1,141,2002,"Biography, Crime, Drama",1052933,2002-12-16,Steven Spielberg
tt0265208,8,2021-07-31,The Girl Next Door,https://www.imdb.com/title/tt0265208/,movie,6.7,109,2004,"Comedy, Drama, Romance",234523,2004-02-18,Luke Greenfield
tt2737304,6,2021-08-07,Bird Box,https://www.imdb.com/title/tt2737304/,movie,6.6,124,2018,"Horror, Mystery, Sci-Fi",373340,2018-11-12,Susanne Bier
tt27731608,8,2023-08-14,Black Mirror: Loch Henry,https://www.imdb.com/title/tt27731608/,tvEpisode,7.3,56,2023,"Drama, Mystery, Sci-Fi, Thriller",29717,2023-06-15,Sam Miller
tt27731623,8,2023-08-14,Black Mirror: Beyond the Sea,https://www.imdb.com/title/tt27731623/,tvEpisode,7.4,79,2023,"Drama, Mystery, Sci-Fi, Thriller",29801,2023-06-15,John Crowley
tt2778298,8,2022-07-09,Black Mesa,https://www.imdb.com/title/tt2778298/,videoGame,8.6,,2012,"Action, Sci-Fi, Thriller",889,2012-09-14,"Adam Engels, Carlos Montero"
tt0278238,9,2021-07-27,Samurai Jack,https://www.imdb.com/title/tt0278238/,tvSeries,8.5,23,2001,"Animation, Action, Adventure, Drama, Fantasy, Sci-Fi, Thriller",57642,2001-08-10,
tt0027977,8,2022-10-12,Modern Times,https://www.imdb.com/title/tt0027977/,movie,8.5,87,1936,"Comedy, Drama, Romance",253355,1936-02-05,Charles Chaplin
tt2802144,8,2021-07-27,Kingsman: The Secret Service,https://www.imdb.com/title/tt2802144/,movie,7.7,129,2014,"Action, Adventure, Comedy, Thriller",698939,2014-12-13,Matthew Vaughn
tt0289967,7,2021-07-27,Gülen Gözler,https://www.imdb.com/title/tt0289967/,movie,8.5,97,1977,"Comedy, Drama, Family",7542,1977-03-01,Ertem Egilmez
tt2905772,8,2021-07-27,Sen Aydinlatirsin Geceyi,https://www.imdb.com/title/tt2905772/,movie,7.7,107,2013,"Drama, Fantasy, Romance",10359,2013-04-12,Onur Ünlü
tt2911666,8,2021-07-28,John Wick,https://www.imdb.com/title/tt2911666/,movie,7.4,101,2014,"Action, Crime, Thriller",716331,2014-09-19,"David Leitch, Chad Stahelski"
tt0298148,7,2023-03-05,Shrek 2,https://www.imdb.com/title/tt0298148/,movie,7.3,93,2004,"Animation, Adventure, Comedy, Family, Fantasy, Romance",490942,2004-05-08,"Conrad Vernon, Kelly Asbury, Andrew Adamson"
tt3032476,10,2021-07-27,Better Call Saul,https://www.imdb.com/title/tt3032476/,tvSeries,9.0,46,2015,"Crime, Drama",610433,2015-02-08,
tt3127020,7,2022-09-02,Faking It,https://www.imdb.com/title/tt3127020/,tvSeries,7.3,21,2014,"Comedy, Drama, Romance",15073,2014-04-22,
tt0316654,10,2021-12-20,Spider-Man 2,https://www.imdb.com/title/tt0316654/,movie,7.5,127,2004,"Action, Adventure, Sci-Fi",688047,2004-06-25,Sam Raimi
tt0319061,8,2022-05-30,Big Fish,https://www.imdb.com/title/tt0319061/,movie,8.0,125,2003,"Adventure, Drama, Fantasy, Romance",452470,2003-12-04,Tim Burton
tt3233224,5,2022-02-15,Patron Mutlu Son Istiyor,https://www.imdb.com/title/tt3233224/,movie,6.0,109,2014,"Comedy, Romance",7073,2014-01-01,Kivanç Baruönü
tt0325675,9,2021-07-27,Karpuz Kabugundan Gemiler Yapmak,https://www.imdb.com/title/tt0325675/,movie,7.8,97,2004,"Comedy, Drama, Family, Romance",6355,2004-04-23,Ahmet Uluçay
tt0338013,10,2022-01-28,Eternal Sunshine of the Spotless Mind,https://www.imdb.com/title/tt0338013/,movie,8.3,108,2004,"Drama, Romance, Sci-Fi",1049425,2004-03-09,Michel Gondry
tt3398228,9,2021-07-27,BoJack Horseman,https://www.imdb.com/title/tt3398228/,tvSeries,8.8,25,2014,"Animation, Comedy, Drama",177985,2014-08-22,
tt0347149,7,2021-07-27,Hauru no ugoku shiro,https://www.imdb.com/title/tt0347149/,movie,8.2,119,2004,"Animation, Adventure, Family, Fantasy",426665,2004-09-05,Hayao Miyazaki
tt0361748,8,2023-02-27,Inglourious Basterds,https://www.imdb.com/title/tt0361748/,movie,8.4,153,2009,"Adventure, Drama, War",1531087,2009-05-20,Quentin Tarantino
tt3646462,8,2021-07-27,Itirazim Var,https://www.imdb.com/title/tt3646462/,movie,7.7,110,2014,"Action, Crime, Drama, Mystery",13589,2014-04-18,Onur Ünlü
tt3659388,8,2021-07-27,The Martian,https://www.imdb.com/title/tt3659388/,movie,8.0,144,2015,"Adventure, Drama, Sci-Fi",897260,2015-09-11,Ridley Scott
tt3698408,7,2021-07-27,Pek Yakinda,https://www.imdb.com/title/tt3698408/,movie,7.3,134,2014,"Comedy, Drama, Romance",35212,2014-10-02,Cem Yilmaz
tt0371746,9,2021-07-27,Iron Man,https://www.imdb.com/title/tt0371746/,movie,7.9,126,2008,"Action, Adventure, Sci-Fi",1100363,2008-04-14,Jon Favreau
tt0372784,9,2021-07-27,Batman Begins,https://www.imdb.com/title/tt0372784/,movie,8.2,140,2005,"Action, Crime, Drama",1539171,2005-05-31,Christopher Nolan
tt0374692,9,2022-07-09,Half-Life 2,https://www.imdb.com/title/tt0374692/,videoGame,9.4,,2004,"Action, Adventure, Sci-Fi, Thriller",17077,2004-11-16,David Speyrer
tt3778644,8,2022-09-28,Solo: A Star Wars Story,https://www.imdb.com/title/tt3778644/,movie,6.9,135,2018,"Action, Adventure, Sci-Fi",369147,2018-05-10,Ron Howard
tt0378194,7,2021-07-27,Kill Bill: Vol. 2,https://www.imdb.com/title/tt0378194/,movie,8.0,137,2004,"Action, Crime, Thriller",786864,2004-04-08,Quentin Tarantino
tt3799694,8,2023-09-19,The Nice Guys,https://www.imdb.com/title/tt3799694/,movie,7.4,116,2016,"Action, Comedy, Crime, Thriller",356538,2016-05-10,Shane Black
tt0384116,8,2021-07-27,G.O.R.A.,https://www.imdb.com/title/tt0384116/,movie,8.0,127,2004,"Adventure, Comedy, Sci-Fi",65504,2004-11-12,Ömer Faruk Sorak
tt3865220,10,2022-05-23,The Legend of Korra: Venom of the Red Lotus,https://www.imdb.com/title/tt3865220/,tvEpisode,9.6,23,2014,"Animation, Action, Adventure, Comedy, Family, Fantasy, Sci-Fi",4014,2014-08-22,Melchior Zwyer
tt0386676,9,2022-02-15,The Office,https://www.imdb.com/title/tt0386676/,tvSeries,9.0,22,2005,Comedy,671332,2005-03-24,
tt3890160,8,2021-07-27,Baby Driver,https://www.imdb.com/title/tt3890160/,movie,7.6,113,2017,"Action, Crime, Drama, Music",584665,2017-03-11,Edgar Wright
tt0399201,6,2022-02-04,The Island,https://www.imdb.com/title/tt0399201/,movie,6.8,136,2005,"Action, Sci-Fi, Thriller",323647,2005-07-11,Michael Bay
tt0407887,10,2021-07-27,The Departed,https://www.imdb.com/title/tt0407887/,movie,8.5,151,2006,"Crime, Drama, Thriller",1384648,2006-09-26,Martin Scorsese
tt0412142,9,2022-11-10,House M.D.,https://www.imdb.com/title/tt0412142/,tvSeries,8.7,44,2004,"Drama, Mystery",491999,2004-11-15,
tt4122672,5,2022-05-23,The Legend of Korra: Remembrances,https://www.imdb.com/title/tt4122672/,tvEpisode,5.8,22,2014,"Animation, Action, Adventure, Comedy, Family, Fantasy, Sci-Fi",2011,2014-11-21,Michael Dante DiMartino
tt4122690,10,2022-05-23,The Legend of Korra: Day of the Colossus,https://www.imdb.com/title/tt4122690/,tvEpisode,9.1,22,2014,"Animation, Action, Adventure, Comedy, Family, Fantasy, Sci-Fi",2125,2014-12-19,Ian Graham
tt0413267,6,2023-03-05,Shrek the Third,https://www.imdb.com/title/tt0413267/,movie,6.1,93,2007,"Animation, Adventure, Comedy, Family, Fantasy, Romance",324363,2007-05-06,"Chris Miller, Raman Hui"
tt0413300,7,2021-12-20,Spider-Man 3,https://www.imdb.com/title/tt0413300/,movie,6.3,139,2007,"Action, Adventure, Sci-Fi",621203,2007-04-03,Sam Raimi
tt4154664,3,2022-02-15,Captain Marvel,https://www.imdb.com/title/tt4154664/,movie,6.8,123,2019,"Action, Adventure, Sci-Fi",592691,2019-02-27,"Anna Boden, Ryan Fleck"
tt4154756,8,2021-07-27,Avengers: Infinity War,https://www.imdb.com/title/tt4154756/,movie,8.4,149,2018,"Action, Adventure, Sci-Fi",1160285,2018-04-23,"Anthony Russo, Joe Russo"
tt4154796,8,2021-07-27,Avengers: Endgame,https://www.imdb.com/title/tt4154796/,movie,8.4,181,2019,"Action, Adventure, Drama, Sci-Fi",1219620,2019-04-18,"Anthony Russo, Joe Russo"
tt4158110,9,2021-07-27,Mr. Robot,https://www.imdb.com/title/tt4158110/,tvSeries,8.5,49,2015,"Crime, Drama, Thriller",407231,2015-03-17,
tt0417299,10,2023-01-09,Avatar: The Last Airbender,https://www.imdb.com/title/tt0417299/,tvSeries,9.3,23,2005,"Animation, Action, Adventure, Family, Fantasy, Mystery",344731,2005-02-21,
tt4195278,7,2021-07-27,Bana Masal Anlatma,https://www.imdb.com/title/tt4195278/,movie,7.4,103,2015,"Comedy, Fantasy, Romance, Sci-Fi",16358,2015-01-09,Burak Aksak
tt0425061,7,2022-09-30,Get Smart,https://www.imdb.com/title/tt0425061/,movie,6.5,110,2008,"Action, Adventure, Comedy",225237,2008-06-19,Peter Segal
tt4302938,7,2021-07-27,Kubo and the Two Strings,https://www.imdb.com/title/tt4302938/,movie,7.7,101,2016,"Animation, Action, Adventure, Family, Fantasy",136017,2016-08-13,Travis Knight
tt0441773,9,2023-02-26,Kung Fu Panda,https://www.imdb.com/title/tt0441773/,movie,7.6,92,2008,"Animation, Action, Adventure, Comedy, Family, Fantasy",500365,2008-05-15,"Mark Osborne, John Stevenson"
tt4425200,8,2021-07-28,John Wick: Chapter 2,https://www.imdb.com/title/tt4425200/,movie,7.4,122,2017,"Action, Crime, Thriller",493514,2017-01-30,Chad Stahelski
tt0443706,8,2022-12-28,Zodiac,https://www.imdb.com/title/tt0443706/,movie,7.7,157,2007,"Crime, Drama, Mystery, Thriller",577639,2007-02-28,David Fincher
tt0448694,7,2023-03-18,Puss in Boots,https://www.imdb.com/title/tt0448694/,movie,6.6,90,2011,"Animation, Action, Adventure, Comedy, Family, Fantasy, Mystery, Romance",186718,2011-10-23,Chris Miller
tt0451279,6,2022-07-13,Wonder Woman,https://www.imdb.com/title/tt0451279/,movie,7.4,141,2017,"Action, Adventure, Fantasy, Sci-Fi, War",685768,2017-05-15,Patty Jenkins
tt0458339,7,2022-07-13,Captain America: The First Avenger,https://www.imdb.com/title/tt0458339/,movie,6.9,124,2011,"Action, Adventure, Sci-Fi",878566,2011-07-19,Joe Johnston
tt0460649,10,2022-10-14,How I Met Your Mother,https://www.imdb.com/title/tt0460649/,tvSeries,8.3,22,2005,"Comedy, Drama, Romance",712999,2005-09-19,
tt4633694,10,2021-12-20,Spider-Man: Into the Spider-Verse,https://www.imdb.com/title/tt4633694/,movie,8.4,117,2018,"Animation, Action, Adventure, Comedy, Family, Fantasy, Sci-Fi",634102,2018-12-12,"Bob Persichetti, Peter Ramsey, Rodney Rothman"
tt0470752,9,2023-03-27,Ex Machina,https://www.imdb.com/title/tt0470752/,movie,7.7,108,2014,"Drama, Sci-Fi, Thriller",570935,2014-12-16,Alex Garland
tt0470883,8,2021-07-27,Organize Isler,https://www.imdb.com/title/tt0470883/,movie,7.4,106,2005,"Comedy, Drama",34737,2005-12-22,Yilmaz Erdogan
tt4729430,9,2021-08-07,Klaus,https://www.imdb.com/title/tt4729430/,movie,8.2,96,2019,"Animation, Adventure, Comedy, Family, Fantasy",172575,2019-11-08,"Carlos Martínez López, Sergio Pablos"
tt0476735,10,2021-07-27,Babam ve Oglum,https://www.imdb.com/title/tt0476735/,movie,8.2,112,2005,"Drama, Family",90141,2005-11-18,Çagan Irmak
tt0482571,9,2021-07-27,The Prestige,https://www.imdb.com/title/tt0482571/,movie,8.5,130,2006,"Drama, Mystery, Sci-Fi, Thriller",1401436,2006-10-17,Christopher Nolan
tt4835736,9,2023-10-14,BoJack Horseman: Let's Find Out,https://www.imdb.com/title/tt4835736/,tvEpisode,8.8,25,2015,"Animation, Comedy, Drama",5030,2015-07-17,Matt Mariska
tt4835748,8,2023-10-14,BoJack Horseman: Escape from L.A.,https://www.imdb.com/title/tt4835748/,tvEpisode,9.3,25,2015,"Animation, Comedy, Drama",7151,2015-07-17,Amy Winfrey
tt0485947,9,2021-10-11,Mr. Nobody,https://www.imdb.com/title/tt0485947/,movie,7.7,141,2009,"Drama, Fantasy, Romance, Sci-Fi",242043,2009-09-11,Jaco Van Dormael
tt0493464,7,2021-08-07,Wanted,https://www.imdb.com/title/tt0493464/,movie,6.7,110,2008,"Action, Crime, Thriller",402602,2008-06-12,Timur Bekmambetov
tt5140878,6,2022-10-15,Annabelle: Creation,https://www.imdb.com/title/tt5140878/,movie,6.5,109,2017,"Horror, Mystery, Thriller",146392,2017-06-19,David F. Sandberg
tt5180504,7,2021-07-28,The Witcher,https://www.imdb.com/title/tt5180504/,tvSeries,8.0,60,2019,"Action, Adventure, Drama, Fantasy, Mystery",553825,2019-12-20,
tt5218434,10,2023-10-17,BoJack Horseman: Fish Out of Water,https://www.imdb.com/title/tt5218434/,tvEpisode,9.6,25,2016,"Animation, Comedy, Drama",11085,2016-07-22,Mike Hollingsworth
tt5308322,7,2022-07-09,Happy Death Day,https://www.imdb.com/title/tt5308322/,movie,6.6,96,2017,"Comedy, Horror, Mystery, Thriller",156492,2017-10-07,Christopher Landon
tt5433138,4,2021-08-07,F9,https://www.imdb.com/title/tt5433138/,movie,5.2,143,2021,"Action, Crime, Thriller",155899,2021-05-19,Justin Lin
tt5463162,8,2021-07-27,Deadpool 2,https://www.imdb.com/title/tt5463162/,movie,7.6,119,2018,"Action, Adventure, Comedy, Sci-Fi",621277,2018-05-01,David Leitch
tt5606664,7,2023-02-12,Doctor Sleep,https://www.imdb.com/title/tt5606664/,movie,7.3,152,2019,"Drama, Fantasy, Horror, Thriller",208878,2019-10-30,Mike Flanagan
tt5687612,7,2022-07-09,Fleabag,https://www.imdb.com/title/tt5687612/,tvSeries,8.7,27,2016,"Comedy, Drama",185208,2016-07-21,
tt5719536,10,2022-06-19,Better Call Saul: Chicanery,https://www.imdb.com/title/tt5719536/,tvEpisode,9.7,49,2017,"Crime, Drama",26232,2017-05-08,Daniel Sackheim
tt5727208,7,2021-07-28,Uncut Gems,https://www.imdb.com/title/tt5727208/,movie,7.4,135,2019,"Crime, Drama, Thriller",305491,2019-08-30,"Benny Safdie, Josh Safdie"
tt5814060,6,2022-10-10,The Nun,https://www.imdb.com/title/tt5814060/,movie,5.3,96,2018,"Horror, Mystery, Thriller",161495,2018-09-04,Corin Hardy
tt5988370,1,2022-11-11,Reis,https://www.imdb.com/title/tt5988370/,movie,1.0,108,2017,"Biography, Drama",73927,2017-03-02,Hüdaverdi Yavuz
tt0606018,8,2022-10-20,House M.D.: Damned If You Do,https://www.imdb.com/title/tt0606018/,tvEpisode,8.1,44,2004,"Drama, Mystery",3717,2004-12-14,Greg Yaitanes
tt0606021,8,2022-11-08,House M.D.: Failure to Communicate,https://www.imdb.com/title/tt0606021/,tvEpisode,8.4,44,2006,"Drama, Mystery",2900,2006-01-10,Jace Alexander
tt0606023,9,2022-11-08,House M.D.: Distractions,https://www.imdb.com/title/tt0606023/,tvEpisode,8.5,44,2006,"Drama, Mystery",2871,2006-02-14,Daniel Attias
tt0606025,10,2022-10-20,House M.D.: Histories,https://www.imdb.com/title/tt0606025/,tvEpisode,8.4,44,2005,"Drama, Mystery",3559,2005-02-08,Daniel Attias
tt0606039,8,2022-11-08,House M.D.: Skin Deep,https://www.imdb.com/title/tt0606039/,tvEpisode,8.6,44,2006,"Drama, Mystery",3194,2006-02-20,James Hayman
tt0606045,8,2022-10-20,House M.D.: The Socratic Method,https://www.imdb.com/title/tt0606045/,tvEpisode,8.4,44,2004,"Drama, Mystery",3668,2004-12-21,Peter Medak
tt6146586,8,2021-07-28,John Wick: Chapter 3 - Parabellum,https://www.imdb.com/title/tt6146586/,movie,7.4,130,2019,"Action, Crime, Thriller",407982,2019-05-15,Chad Stahelski
tt6155172,5,2021-07-27,Roma,https://www.imdb.com/title/tt6155172/,movie,7.7,135,2018,Drama,166195,2018-08-30,Alfonso Cuarón
tt6233538,7,2021-08-07,Roman Empire,https://www.imdb.com/title/tt6233538/,tvSeries,7.0,48,2016,"Documentary, Biography, Drama, History, War",8875,2016-11-11,
tt6264654,6,2022-02-11,Free Guy,https://www.imdb.com/title/tt6264654/,movie,7.1,115,2021,"Action, Adventure, Comedy, Fantasy, Sci-Fi",404516,2021-08-10,Shawn Levy
tt6316138,8,2021-07-27,Ayla: The Daughter of War,https://www.imdb.com/title/tt6316138/,movie,8.3,125,2017,"Biography, Drama, History, War",42535,2017-09-08,Can Ulkay
tt6320628,7,2021-07-27,Spider-Man: Far from Home,https://www.imdb.com/title/tt6320628/,movie,7.4,129,2019,"Action, Adventure, Comedy, Sci-Fi",533840,2019-06-26,Jon Watts
tt6412452,8,2021-08-07,The Ballad of Buster Scruggs,https://www.imdb.com/title/tt6412452/,movie,7.3,133,2018,"Comedy, Drama, Musical, Mystery, Romance, Western",161489,2018-08-31,"Joel Coen, Ethan Coen"
tt6499752,8,2021-07-27,Upgrade,https://www.imdb.com/title/tt6499752/,movie,7.5,100,2018,"Action, Sci-Fi, Thriller",199075,2018-03-10,Leigh Whannell
tt6710474,8,2023-03-07,Everything Everywhere All at Once,https://www.imdb.com/title/tt6710474/,movie,7.8,139,2022,"Action, Adventure, Comedy, Fantasy, Sci-Fi",483459,2022-03-11,"Daniel Kwan, Daniel Scheinert"
tt6723592,9,2023-03-25,Tenet,https://www.imdb.com/title/tt6723592/,movie,7.3,150,2020,"Action, Sci-Fi, Thriller",564156,2020-08-22,Christopher Nolan
tt6751668,10,2021-07-27,Gisaengchung,https://www.imdb.com/title/tt6751668/,movie,8.5,132,2019,"Drama, Thriller",894635,2019-05-21,Bong Joon Ho
tt0697679,10,2022-12-17,Seinfeld: The Contest,https://www.imdb.com/title/tt0697679/,tvEpisode,9.5,23,1992,Comedy,8866,1992-11-18,Tom Cherones
tt0697682,8,2022-07-23,Seinfeld: The Deal,https://www.imdb.com/title/tt0697682/,tvEpisode,8.2,23,1991,Comedy,4412,1991-05-02,Tom Cherones
tt0697713,7,2022-07-23,Seinfeld: The Jacket,https://www.imdb.com/title/tt0697713/,tvEpisode,8.2,23,1991,Comedy,4873,1991-02-06,Tom Cherones
tt0697729,9,2023-03-27,Seinfeld: The Marine Biologist,https://www.imdb.com/title/tt0697729/,tvEpisode,9.2,23,1994,Comedy,5676,1994-02-10,Tom Cherones
tt0697745,10,2022-12-17,Seinfeld: The Outing,https://www.imdb.com/title/tt0697745/,tvEpisode,9.4,22,1993,Comedy,6416,1993-02-11,Tom Cherones
tt0697763,9,2023-06-05,Seinfeld: The Race,https://www.imdb.com/title/tt0697763/,tvEpisode,8.9,24,1994,Comedy,4611,1994-12-15,Andy Ackerman
tt0697766,8,2022-07-23,Seinfeld: The Revenge,https://www.imdb.com/title/tt0697766/,tvEpisode,8.2,23,1991,Comedy,4446,1991-04-18,Tom Cherones
tt7286456,8,2021-07-27,Joker,https://www.imdb.com/title/tt7286456/,movie,8.4,122,2019,"Crime, Drama, Thriller",1410310,2019-08-31,Todd Phillips
tt7550000,6,2021-07-28,Project Power,https://www.imdb.com/title/tt7550000/,movie,6.0,113,2020,"Action, Crime, Sci-Fi, Thriller",95157,2020-08-14,"Henry Joost, Ariel Schulman"
tt7628458,7,2021-07-27,Hadi Be Oglum,https://www.imdb.com/title/tt7628458/,movie,7.0,112,2018,Drama,3690,2018-02-15,Bora Egemen
tt7631058,7,2023-05-23,The Lord of the Rings: The Rings of Power,https://www.imdb.com/title/tt7631058/,tvSeries,7.0,,2022,"Action, Adventure, Drama, Fantasy",339969,2022-09-01,
tt7642818,7,2021-07-27,Aile Arasinda,https://www.imdb.com/title/tt7642818/,movie,7.6,124,2017,Comedy,25331,2017-12-01,Ozan Açiktan
tt0765833,8,2021-07-27,Neseli Günler,https://www.imdb.com/title/tt0765833/,movie,8.7,95,1978,"Comedy, Drama, Family, Romance",11718,1978-04-01,Orhan Aksoy
tt7668870,9,2023-05-30,Searching,https://www.imdb.com/title/tt7668870/,movie,7.6,102,2018,"Drama, Mystery, Thriller",176205,2018-01-21,Aneesh Chaganty
tt0076759,8,2022-08-12,Star Wars,https://www.imdb.com/title/tt0076759/,movie,8.6,121,1977,"Action, Adventure, Fantasy, Sci-Fi",1417633,1977-05-25,George Lucas
tt0774235,9,2022-11-08,House M.D.: All In,https://www.imdb.com/title/tt0774235/,tvEpisode,8.9,44,2006,"Drama, Mystery",3542,2006-04-11,Fred Gerber
tt0774236,9,2022-11-08,House M.D.: Euphoria: Part 1,https://www.imdb.com/title/tt0774236/,tvEpisode,9.0,42,2006,"Drama, Mystery",3832,2006-05-02,Deran Sarafian
tt0774237,8,2022-11-08,House M.D.: House vs. God,https://www.imdb.com/title/tt0774237/,tvEpisode,8.5,44,2006,"Drama, Mystery",3094,2006-04-25,John F. Showalter
tt0774238,8,2022-11-08,House M.D.: Safe,https://www.imdb.com/title/tt0774238/,tvEpisode,8.7,43,2006,"Drama, Mystery",3106,2006-04-04,Félix Enríquez Alcalá
tt7748244,8,2021-07-27,Ölümlü Dünya,https://www.imdb.com/title/tt7748244/,movie,7.6,107,2018,"Action, Comedy, Crime",28854,2018-01-26,Ali Atay
tt0777001,8,2022-11-08,House M.D.: Forever,https://www.imdb.com/title/tt0777001/,tvEpisode,8.0,44,2006,"Drama, Mystery",2672,2006-05-09,Daniel Sackheim
tt7775902,8,2023-06-06,The Boys: The Name of the Game,https://www.imdb.com/title/tt7775902/,tvEpisode,8.7,60,2019,"Action, Comedy, Crime, Drama, Sci-Fi",17406,2019-07-16,Dan Trachtenberg
tt0780504,7,2023-04-14,Drive,https://www.imdb.com/title/tt0780504/,movie,7.8,100,2011,"Action, Drama",684123,2011-05-20,Nicolas Winding Refn
tt7830574,7,2021-07-28,Ricky Gervais: Humanity,https://www.imdb.com/title/tt7830574/,tvSpecial,7.9,79,2018,Comedy,22370,2018-03-13,John L. Spencer
tt7846844,5,2021-07-28,Enola Holmes,https://www.imdb.com/title/tt7846844/,movie,6.6,123,2020,"Action, Adventure, Crime, Drama, Mystery",210436,2020-09-23,Harry Bradbeer
tt0787373,10,2022-11-08,House M.D.: No Reason,https://www.imdb.com/title/tt0787373/,tvEpisode,9.4,44,2006,"Drama, Mystery",5484,2006-05-23,David Shore
tt7888964,8,2023-05-27,Nobody,https://www.imdb.com/title/tt7888964/,movie,7.4,92,2021,"Action, Crime, Drama, Thriller",307037,2021-03-18,Ilya Naishuller
tt0079470,7,2021-07-27,Life of Brian,https://www.imdb.com/title/tt0079470/,movie,8.0,94,1979,Comedy,415501,1979-08-17,Terry Jones
tt7979580,8,2021-07-30,The Mitchells vs the Machines,https://www.imdb.com/title/tt7979580/,movie,7.6,114,2021,"Animation, Action, Adventure, Comedy, Family, Sci-Fi",121285,2021-04-22,"Michael Rianda, Jeff Rowe"
tt0799143,9,2022-11-08,House M.D.: Euphoria: Part 2,https://www.imdb.com/title/tt0799143/,tvEpisode,9.2,43,2006,"Drama, Mystery",4213,2006-05-03,Deran Sarafian
tt8005374,7,2022-02-04,Explained,https://www.imdb.com/title/tt8005374/,tvSeries,8.0,18,2018,Documentary,9781,2018-05-09,
tt8045670,6,2021-08-07,Dügüm Salonu,https://www.imdb.com/title/tt8045670/,movie,5.4,100,2018,Comedy,1390,2018-03-16,Hakan Algül
tt0080684,8,2022-09-01,Star Wars: Episode V - The Empire Strikes Back,https://www.imdb.com/title/tt0080684/,movie,8.7,124,1980,"Action, Adventure, Fantasy, Sci-Fi",1346236,1980-05-17,Irvin Kershner
tt0081505,10,2021-07-27,The Shining,https://www.imdb.com/title/tt0081505/,movie,8.4,146,1980,"Drama, Horror",1074460,1980-05-23,Stanley Kubrick
tt0816692,10,2021-07-27,Interstellar,https://www.imdb.com/title/tt0816692/,movie,8.7,169,2014,"Adventure, Drama, Sci-Fi",2000304,2014-10-26,Christopher Nolan
tt8398600,8,2021-07-28,After Life,https://www.imdb.com/title/tt8398600/,tvSeries,8.4,30,2019,"Comedy, Drama",147431,2019-03-08,
tt0844471,8,2021-08-07,Cloudy with a Chance of Meatballs,https://www.imdb.com/title/tt0844471/,movie,6.9,90,2009,"Animation, Adventure, Comedy, Family, Fantasy, Sci-Fi",250071,2009-09-12,"Christopher Miller, Phil Lord"
tt8503618,8,2023-06-27,Hamilton,https://www.imdb.com/title/tt8503618/,movie,8.3,160,2020,"Biography, Drama, History, Musical",106844,2020-07-03,Thomas Kail
tt0086190,8,2022-09-08,Star Wars: Episode VI - Return of the Jedi,https://www.imdb.com/title/tt0086190/,movie,8.3,131,1983,"Action, Adventure, Fantasy, Sci-Fi",1096417,1983-05-23,Richard Marquand
tt0086250,7,2021-11-21,Scarface,https://www.imdb.com/title/tt0086250/,movie,8.3,170,1983,"Crime, Drama",888192,1983-12-01,Brian De Palma
tt8721424,10,2021-12-21,"tick, tick...BOOM!",https://www.imdb.com/title/tt8721424/,movie,7.5,120,2021,"Biography, Comedy, Drama, Musical",115401,2021-11-10,Lin-Manuel Miranda
tt0875595,7,2022-10-05,Kader,https://www.imdb.com/title/tt0875595/,movie,7.8,103,2006,Drama,15802,2006-11-17,Zeki Demirkubuz
tt0877057,9,2021-07-27,Death Note: Desu nôto,https://www.imdb.com/title/tt0877057/,tvSeries,8.9,23,2006,"Animation, Crime, Drama, Fantasy, Mystery, Thriller",358637,2006-10-03,
tt8772218,10,2022-06-19,Better Call Saul: Bagman,https://www.imdb.com/title/tt8772218/,tvEpisode,9.7,54,2020,"Crime, Drama",25838,2020-04-06,Vince Gilligan
tt8772220,10,2022-06-19,Better Call Saul: Bad Choice Road,https://www.imdb.com/title/tt8772220/,tvEpisode,9.7,59,2020,"Crime, Drama",25368,2020-04-13,Thomas Schnauz
tt0088763,8,2021-07-27,Back to the Future,https://www.imdb.com/title/tt0088763/,movie,8.5,116,1985,"Adventure, Comedy, Sci-Fi",1268099,1985-07-03,Robert Zemeckis
tt0892769,10,2022-02-21,How to Train Your Dragon,https://www.imdb.com/title/tt0892769/,movie,8.1,98,2010,"Animation, Action, Adventure, Comedy, Family, Fantasy",778039,2010-03-18,"Dean DeBlois, Chris Sanders"
tt0892791,6,2023-03-08,Shrek Forever After,https://www.imdb.com/title/tt0892791/,movie,6.3,95,2010,"Animation, Adventure, Comedy, Family, Fantasy, Romance",218959,2010-04-21,Mike Mitchell
tt8946378,9,2022-04-28,Knives Out,https://www.imdb.com/title/tt8946378/,movie,7.9,130,2019,"Comedy, Crime, Drama, Mystery, Thriller",743553,2019-09-07,Rian Johnson
tt0903747,10,2021-07-27,Breaking Bad,https://www.imdb.com/title/tt0903747/,tvSeries,9.5,49,2008,"Crime, Drama, Thriller",2049782,2008-01-20,
tt9140560,7,2022-05-18,WandaVision,https://www.imdb.com/title/tt9140560/,tvMiniSeries,7.9,350,2021,"Action, Comedy, Drama, Fantasy, Mystery, Romance, Sci-Fi",354242,2021-01-15,
tt0914798,9,2023-02-16,The Boy in the Striped Pajamas,https://www.imdb.com/title/tt0914798/,movie,7.7,94,2008,"Drama, War",236307,2008-08-28,Mark Herman
tt9243946,7,2021-08-13,El Camino: A Breaking Bad Movie,https://www.imdb.com/title/tt9243946/,movie,7.3,122,2019,"Action, Crime, Drama, Thriller",278972,2019-10-07,Vince Gilligan
tt0093058,7,2022-08-03,Full Metal Jacket,https://www.imdb.com/title/tt0093058/,movie,8.3,116,1987,"Drama, War",772342,1987-06-17,Stanley Kubrick
tt9362722,10,2023-06-07,Spider-Man: Across the Spider-Verse,https://www.imdb.com/title/tt9362722/,movie,8.7,140,2023,"Animation, Action, Adventure, Fantasy, Sci-Fi",277115,2023-05-31,"Justin K. Thompson, Kemp Powers, Joaquim Dos Santos"
tt9376612,7,2022-02-15,Shang-Chi and the Legend of the Ten Rings,https://www.imdb.com/title/tt9376612/,movie,7.4,132,2021,"Action, Adventure, Fantasy, Sci-Fi",417240,2021-08-16,Destin Daniel Cretton
tt9419884,7,2022-05-23,Doctor Strange in the Multiverse of Madness,https://www.imdb.com/title/tt9419884/,movie,6.9,126,2022,"Action, Adventure, Fantasy, Horror, Sci-Fi",455905,2022-05-02,Sam Raimi
tt0944835,7,2021-08-07,Salt,https://www.imdb.com/title/tt0944835/,movie,6.4,100,2010,"Action, Thriller",325348,2010-07-19,Phillip Noyce
tt0948470,8,2021-12-20,The Amazing Spider-Man,https://www.imdb.com/title/tt0948470/,movie,6.9,136,2012,"Action, Adventure, Sci-Fi",685674,2012-06-13,Marc Webb
tt9561862,9,2023-02-26,"Love, Death & Robots",https://www.imdb.com/title/tt9561862/,tvSeries,8.4,15,2019,"Animation, Short, Action, Adventure, Comedy, Drama, Fantasy, Horror, Mystery, Sci-Fi, Thriller",186281,2019-03-15,
tt9612516,6,2023-10-15,Space Force,https://www.imdb.com/title/tt9612516/,tvSeries,6.7,30,2020,Comedy,69158,2020-05-29,
tt9683478,7,2021-07-28,The Half of It,https://www.imdb.com/title/tt9683478/,movie,6.9,104,2020,"Comedy, Drama",41824,2020-05-01,Alice Wu
tt0096874,8,2021-08-13,Back to the Future Part II,https://www.imdb.com/title/tt0096874/,movie,7.8,108,1989,"Adventure, Comedy, Sci-Fi",558944,1989-11-20,Robert Zemeckis
tt0097165,10,2021-07-27,Dead Poets Society,https://www.imdb.com/title/tt0097165/,movie,8.1,128,1989,"Comedy, Drama",524444,1989-06-02,Peter Weir
tt9764362,8,2023-05-23,The Menu,https://www.imdb.com/title/tt9764362/,movie,7.2,107,2022,"Comedy, Horror, Thriller",355474,2022-09-10,Mark Mylod
tt9788618,7,2022-09-23,The Lord of the Rings: The Rings of Power: A Shadow of the Past,https://www.imdb.com/title/tt9788618/,tvEpisode,7.3,65,2022,"Action, Adventure, Drama, Fantasy",52225,2022-09-01,J.A. Bayona
tt0986264,8,2021-07-27,Taare Zameen Par,https://www.imdb.com/title/tt0986264/,movie,8.3,162,2007,"Drama, Family",202092,2007-12-21,"Aamir Khan, Amole Gupte"
tt0098904,8,2023-01-09,Seinfeld,https://www.imdb.com/title/tt0098904/,tvSeries,8.9,22,1989,Comedy,339836,1989-07-05,
tt9893250,5,2021-07-28,I Care a Lot,https://www.imdb.com/title/tt9893250/,movie,6.4,118,2020,"Comedy, Crime, Drama, Thriller",140992,2020-09-12,J Blakeson
tt0993846,7,2023-09-23,The Wolf of Wall Street,https://www.imdb.com/title/tt0993846/,movie,8.2,180,2013,"Biography, Comedy, Crime, Drama",1517012,2013-12-09,Martin Scorsese
